{
  "name": "莫扎兔",
  "url": "https://mozhatu.com",
  "tihuan": "cnzz.com",
  "User": "空",
  "shouye": "1",
  "fenlei": "电影$/index.php/vod/show/id/1/page/#电视剧$/index.php/vod/show/id/2/page/#综艺$/index.php/vod/show/id/3/page/#动漫$/index.php/vod/show/id/4/page/#记录$/index.php/vod/show/id/5/page/#国产剧$/index.php/vod/show/id/201/page/#港台剧$/index.php/vod/show/id/202/page/#日韩剧$/index.php/vod/show/id/203/page/#欧美剧$/index.php/vod/show/id/204/page/#海外剧$/index.php/vod/show/id/205/page/",
  "houzhui": ".html",
  "shifouercijiequ": "0",
  "jiequqian": "空",
  "jiequhou": "空",
  "jiequshuzuqian": "class=\"pic\"",
  "jiequshuzuhou": "</li>",
  "tupianqian": "lay-src=\"",
  "tupianhou": "\"",
  "biaotiqian": "class=\"name\">",
  "biaotihou": "</div>",
  "lianjieqian": "href=\"",
  "lianjiehou": "\"",

  //新版Biubiu参数：副标题 (不需要的话，就不填写或者删除副标题2个字段也可以。)
  "fubiaotiqian": "",
  "fubiaotihou": "",

  "sousuoqian": "/index.php/ajax/suggest?mid=1&wd=",
  "sousuohou": "&limit=500",
  "sousuohouzhui": "/index.php/vod/detail/id/",
  "ssmoshi": "0",
  "sousuoshifouercijiequ": "0",
  "jspic": "pic",
  "jsname": "name",
  "jsid": "id",
  "ssjiequqian": "空",
  "ssjiequhou": "空",
  "ssjiequshuzuqian": "空",
  "ssjiequshuzuhou": "空",
  "sstupianqian": "空",
  "sstupianhou": "空",
  "ssbiaotiqian": "空",
  "ssbiaotihou": "空",
  "sslianjieqian": "空",
  "sslianjiehou": "空",
  "bfshifouercijiequ": "0",
  "bfjiequqian": "空",
  "bfjiequhou": "空",
  "bfjiequshuzuqian": "id=\"zu",
  "bfjiequshuzuhou": "</ul>",
  "zhuangtaiqian": "更新：</span>",
  "zhuangtaihou": "</p>",
  "daoyanqian": "导演：</span>",
  "daoyanhou": "</p>",
  "zhuyanqian": "主演：</span>",
  "zhuyanhou": "</p>",
  "juqingqian": "简介：</span>",
  "juqinghou": "</div>",
  "bfyshifouercijiequ": "0",
  "bfyjiequqian": "空",
  "bfyjiequhou": "空",
  "bfyjiequshuzuqian": "<a",
  "bfyjiequshuzuhou": "/a>",
  "bfbiaotiqian": ">",
  "bfbiaotihou": "<",
  "bflianjieqian": "href=\"",
  "bflianjiehou": "\""
}
