{
  "name": "奈菲影院",
  "url": "https://www.1985.one/",
  "shouye": "1",

  //"fenlei": "电影$/vodshow/id/1/page/#国产剧$/vodshow/id/2/page/#日韩剧$/vodshow/29--------#欧美剧$/vodshow/30--------#港台剧$/vodshow/31--------#其他剧$/vodshow/31--------#综艺$/vodshow/3--------#动漫$/vodshow/4--------",
  "fenlei": "电影$/vodshow/id/1/page/#连续剧$/vodshow/id/2/page/#综艺$/vodshow/id/3/page/#动漫$/vodshow/id/4/page/",
  //"houzhui": "---.html",
  "houzhui": ".html",

  "shifouercijiequ": "0",
  "jiequqian": "空",
  "jiequhou": "空",
  "jiequshuzuqian": "class=\"module-item-pic\"",
  "jiequshuzuhou": "</div>",
  "tupianqian": "data-src=\"",
  "tupianhou": "\"",
  "biaotiqian": "title=\"",
  "biaotihou": "\"",
  "lianjieqian": "href=\"",
  "lianjiehou": "\"",

  //新版Biubiu参数：副标题 (不需要的话，就不填写或者删除副标题2个字段也可以。)
  "fubiaotiqian": "",
  "fubiaotihou": "",

  "sousuoqian": "/index.php/ajax/suggest?mid=1&wd=",
  "sousuohou": "&limit=500",
  "sousuohouzhui": "/voddetail/",
  "ssmoshi": "0",
  "sousuoshifouercijiequ": "0",
  "jspic": "pic",
  "jsname": "name",
  "jsid": "id",
  "ssjiequqian": "空",
  "ssjiequhou": "空",
  "ssjiequshuzuqian": "空",
  "ssjiequshuzuhou": "空",
  "sstupianqian": "空",
  "sstupianhou": "空",
  "ssbiaotiqian": "空",
  "ssbiaotihou": "空",
  "sslianjieqian": "空",
  "sslianjiehou": "空",

  "bfshifouercijiequ": "0",
  "bfjiequqian": "空",
  "bfjiequhou": "空",
  "bfjiequshuzuqian": "id=\"sort-item-",
  "bfjiequshuzuhou": "</div>",

  "zhuangtaiqian": "class=\"module-item-text\">",
  "zhuangtaihou": "</div>",
  "daoyanqian": "导演：</span>",
  "daoyanhou": "</div>",
  "zhuyanqian": "主演：</span>",
  "zhuyanhou": "</div>",
  "juqingqian": "剧情：</span>",
  "juqinghou": "</span>",

  "bfyshifouercijiequ": "0",
  "bfyjiequqian": "空",
  "bfyjiequhou": "空",
  "bfyjiequshuzuqian": "<a",
  "bfyjiequshuzuhou": "/a>",
  "bfbiaotiqian": "span>",
  "bfbiaotihou": "</span",
  "bflianjieqian": "href=\"",
  "bflianjiehou": "\""
}
