{
  "name": "饭团影院",
  "url": "https://fantuan.tv",
  "tihuan": "cnzz.com",
  "User": "User-Agent:Dart/2.14 (dart:io)",
  "shouye": "1",
  //"fenlei": "电视剧$/vodshow/id/2/page/#电影$/vodshow/id/1/page/#综艺$/vodshow/id/3/page/#动漫$/vodshow/id/4/page/",
  "fenlei": "国产剧$/vodshow/id/13/page/#港剧$/vodshow/id/14/page/#韩剧$/vodshow/id/15/page/#美剧$/vodshow/id/16/page/#日剧$/vodshow/id/24/page/#泰剧$/vodshow/id/25/page/#台剧$/vodshow/id/26/page/#英剧$/vodshow/id/27/page/#其它剧$/vodshow/id/28/page/#国产动漫$/vodshow/area/内地/id/4/page/#日本动漫$/vodshow/area/日本/id/4/page/#欧美动漫$/vodshow/area/欧美/id/4/page/#其它动漫$/vodshow/area/其它/id/4/page/#动作片$/vodshow/id/6/page/#喜剧片$/vodshow/id/7/page/#爱情片$/vodshow/id/8/page/#科幻片$/vodshow/id/9/page/#恐怖片$/vodshow/id/10/page/#剧情片$/vodshow/id/11/page/#战争片$/vodshow/id/12/page/#微电影$/vodshow/id/21/page/#灾难片$/vodshow/id/22/page/#大陆综艺$/vodshow/id/29/page/#台湾综艺$/vodshow/id/30/page/#韩国综艺$/vodshow/id/31/page/#日本综艺$/vodshow/id/32/page/#欧美综艺$/vodshow/id/33/page/#香港综艺$/vodshow/id/34/page/#其它综艺$/vodshow/id/40/page/",
  "houzhui": ".html",
  "shifouercijiequ": "0",
  "jiequqian": "空",
  "jiequhou": "空",
  "jiequshuzuqian": "class=\"myui-vodlist__thumb",
  "jiequshuzuhou": "</span>",
  "tupianqian": "original=\"",
  "tupianhou": "\"",
  "biaotiqian": "title=\"",
  "biaotihou": "\"",
  "lianjieqian": "href=\"",
  "lianjiehou": "\"",

  //新版Biubiu参数：副标题 (不需要的话，就不填写或者删除副标题2个字段也可以。)
  "fubiaotiqian": "",
  "fubiaotihou": "",

  "sousuoqian": "/index.php/ajax/suggest?mid=1&wd=",
  "sousuohou": "&limit=500",
  "sousuohouzhui": "/voddetail/",
  "ssmoshi": "0",
  "sousuoshifouercijiequ": "0",
  "jspic": "pic",
  "jsname": "name",
  "jsid": "id",
  "ssjiequqian": "空",
  "ssjiequhou": "空",
  "ssjiequshuzuqian": "空",
  "ssjiequshuzuhou": "空",
  "sstupianqian": "空",
  "sstupianhou": "空",
  "ssbiaotiqian": "空",
  "ssbiaotihou": "空",
  "sslianjieqian": "空",
  "sslianjiehou": "空",
  "bfshifouercijiequ": "0",
  "bfjiequqian": "空",
  "bfjiequhou": "空",
  "bfjiequshuzuqian": "class=\"myui-content__list",
  "bfjiequshuzuhou": "</ul>",
  "zhuangtaiqian": "更新：</span>",
  "zhuangtaihou": "</p>",
  "daoyanqian": "导演：</span>",
  "daoyanhou": "</p>",
  "zhuyanqian": "主演：</span>",
  "zhuyanhou": "</p>",
  "juqingqian": "class=\"data\" style=\"display: none;\">",
  "juqinghou": "</span>",
  "bfyshifouercijiequ": "0",
  "bfyjiequqian": "空",
  "bfyjiequhou": "空",
  "bfyjiequshuzuqian": "<a",
  "bfyjiequshuzuhou": "/a>",
  "bfbiaotiqian": ">",
  "bfbiaotihou": "<",
  "bflianjieqian": "href=\"",
  "bflianjiehou": "\""
}
